-- phpMyAdmin SQL Dump
-- version 4.8.5
-- https://www.phpmyadmin.net/
--
-- Hôte : 127.0.0.1:3306
-- Généré le :  lun. 21 oct. 2019 à 19:27
-- Version du serveur :  5.7.26
-- Version de PHP :  7.2.18

SET SQL_MODE = "NO_AUTO_VALUE_ON_ZERO";
SET AUTOCOMMIT = 0;
START TRANSACTION;
SET time_zone = "+00:00";


/*!40101 SET @OLD_CHARACTER_SET_CLIENT=@@CHARACTER_SET_CLIENT */;
/*!40101 SET @OLD_CHARACTER_SET_RESULTS=@@CHARACTER_SET_RESULTS */;
/*!40101 SET @OLD_COLLATION_CONNECTION=@@COLLATION_CONNECTION */;
/*!40101 SET NAMES utf8mb4 */;

--
-- Base de données :  `keitarn`
--

-- --------------------------------------------------------

--
-- Structure de la table `chanel`
--

DROP TABLE IF EXISTS `chanel`;
CREATE TABLE IF NOT EXISTS `chanel` (
  `idChanel` varchar(255) NOT NULL,
  `abonne` tinyint(1) NOT NULL,
  `IdGuild` varchar(255) NOT NULL,
  PRIMARY KEY (`idChanel`),
  KEY `Chanel_Guild_FK` (`IdGuild`)
) ENGINE=InnoDB DEFAULT CHARSET=latin1;

--
-- Déchargement des données de la table `chanel`
--

INSERT INTO `chanel` (`idChanel`, `abonne`, `IdGuild`) VALUES
('631791165800185866', 0, '631786237753032715'),
('631830909376528384', 1, '631786237753032715'),
('632141604278501377', 1, '631786237753032715'),
('634829135461482496', 1, '391747065392136204');

-- --------------------------------------------------------

--
-- Structure de la table `guild`
--

DROP TABLE IF EXISTS `guild`;
CREATE TABLE IF NOT EXISTS `guild` (
  `IdGuild` varchar(255) NOT NULL,
  PRIMARY KEY (`IdGuild`)
) ENGINE=InnoDB DEFAULT CHARSET=latin1;

--
-- Déchargement des données de la table `guild`
--

INSERT INTO `guild` (`IdGuild`) VALUES
('391747065392136204'),
('631786237753032715');

-- --------------------------------------------------------

--
-- Structure de la table `image`
--

DROP TABLE IF EXISTS `image`;
CREATE TABLE IF NOT EXISTS `image` (
  `nomImage` varchar(255) NOT NULL,
  PRIMARY KEY (`nomImage`)
) ENGINE=InnoDB DEFAULT CHARSET=latin1;

--
-- Déchargement des données de la table `image`
--

INSERT INTO `image` (`nomImage`) VALUES
('005JVMmmgy1g6pxzws3oij32c03407wi.jpg'),
('14470665_1072675069494448_6917293621917313069_n.jpg'),
('20638151_1339794736138270_364265785832728485_n.png'),
('40053789_293694628080062_603058969371475968_n.jpg'),
('40449674_1900710363558072_3721254721470595072_n.jpg'),
('40609404_1100985670052078_4874468185069322240_n.jpg'),
('41884476_1112017582282220_562595554194882560_n.jpg'),
('42431157_1116263068524338_7588993451509678080_n.jpg'),
('42513296_484675808699925_8362982455585538048_n.jpg'),
('44387803_2155770351123805_393542626357280768_o.jpg'),
('46194840_337200970396094_498704892009906176_n.jpg'),
('46728659_2770424406317015_4167749106267062272_o.jpg'),
('47199971_2784224328270356_6192057898286186496_o.jpg'),
('47476922_2789473624412093_4343812932560224256_o.jpg'),
('49759026_564546024061755_7939113348619042816_n.jpg'),
('50395165_1807213406055371_1553132183655284736_o.jpg'),
('50667361_462576944274320_4028673203319603200_n.jpg'),
('50754099_2262801833965150_7651310068310212608_n.jpg'),
('51337446_2899680206724767_93086771826393088_o.jpg'),
('52125681_627269434409883_8559051878766215168_n.png'),
('52596176_2974938055865648_1639616190588387328_o.jpg'),
('52846852_2981943975165056_1071111659042373632_o.jpg'),
('53315474_2024629184301944_8284071854679785472_n.jpg'),
('533279_511619218901197_985757905_n.jpg'),
('53347555_2989806737712113_1639865431835541504_o.jpg'),
('54256686_3021080821251371_4380832664433721344_o.jpg'),
('54463224_3033087006717419_5119424781438943232_o.jpg'),
('54799276_3040794222613364_8602573156038737920_o.jpg'),
('56500761_2224416540937351_2623011792674095104_n.jpg'),
('56631989_1905800926196618_7942993555218235392_o.jpg'),
('56819116_312634749430475_5721151924401602560_n.jpg'),
('57104121_1227471644096350_8829794329204621312_n.jpg'),
('57187648_171921877038749_2123130277193580544_n.jpg'),
('57377515_815476552157583_8693368957949706240_n.jpg'),
('57538028_3091974114162041_7861827765769601024_o.jpg'),
('57592737_3098986680127451_2147999409147740160_o.jpg'),
('59699846_583271365515179_691150578268504064_n.jpg'),
('59776031_3138699326156186_559418412267208704_o.jpg'),
('59902219_331435654189479_9085326273223327744_n.jpg'),
('60036591_2072738046357529_2758724860782837760_n.jpg'),
('60167017_309608679940596_411989184476086272_n.png'),
('60313239_321310858537877_2203716078553530368_n.png'),
('603977_511619298901189_1749994539_n.jpg'),
('60651699_354969135376123_1157897816924749824_n.jpg'),
('60883885_1110075599194489_6903092289644527616_o.jpg'),
('60890310_663878210714334_3386990275954999296_n.jpg'),
('61171840_676244072817083_4435252593018535936_n.jpg'),
('61224783_309890893254656_5527498892771328000_n.png'),
('61292643_185214385737263_6451944879013494784_n.jpg'),
('61312573_842650092773562_3413953483638833152_n.jpg'),
('61314233_2484618458238991_3240002609456611328_o.jpg'),
('61330125_2306162156273540_3423032318653104128_n.jpg'),
('61342069_454422562010654_770593467356151808_n.jpg'),
('61381196_1041478169355698_7838915828937392128_n.jpg'),
('61400837_449731882520200_4138754963167772672_n.jpg'),
('61420360_524164748117750_2436230476789186560_n.jpg'),
('61448077_622059741608556_6957033514059431936_n.jpg'),
('61454986_829750190727507_3057465120692109312_n.jpg'),
('61458043_2281629395237924_1096450402720677888_n.jpg'),
('61462890_703980213368629_6875869696000786432_n.jpg'),
('61506370_593767221110975_5239181272948932608_n.jpg'),
('61522593_2921987434508511_6566176651011424256_n.jpg'),
('61529784_300826374129867_6139454371500392448_o.jpg'),
('61531765_2196148927107422_2447669812944437248_n.jpg'),
('61541909_275567453237511_1597698778658242560_n.jpg'),
('61546270_2104487519848758_3149078181865062400_n.jpg'),
('61558749_1803532859747987_7460244659986497536_o.jpg'),
('61685521_2352031641509938_7833197174472048640_n.jpg'),
('61694074_441799433034889_4948765978214268928_n.jpg'),
('61701790_676243752817115_7269124366275706880_n.jpg'),
('61704797_371436656827817_5410027804899147776_n.jpg'),
('61764913_461739727895944_7786853845988016128_n.jpg'),
('61767433_2243257585750661_8270321048730206208_n.jpg'),
('61772873_678392515935572_1143131023576399872_o.jpg'),
('61777157_678380639270093_283109649853448192_o.jpg'),
('61844391_681787142262776_6396154920285765632_o.jpg'),
('61866964_596245290885156_1947897982338727936_n.jpg'),
('61875371_1087440244780583_5592720870264012800_n.jpg'),
('61875975_633720253769969_495144888107532288_n.jpg'),
('61906955_3219904591368992_3806474483305283584_o.jpg'),
('61918569_2318911525031193_2241904539747745792_o.jpg'),
('61931091_446679829448207_3221239611032338432_o.jpg'),
('61937643_304638420415329_1941164147928465408_o.jpg'),
('61974874_458684794882715_4810310178350039040_n.jpg'),
('61982379_345821406136838_1092498156635029504_n.jpg'),
('61df69dcgy1g7f521muo3j20u018znph.jpg'),
('61df69dcgy1g7f53x3gcdj20u018z1l2.jpg'),
('61df69dcgy1g7f5wur745j20u018z7wm.jpg'),
('62010944_676244112817079_8667365241664831488_n.jpg'),
('62013451_2331091363779369_1895424326774030336_n.jpg'),
('62034738_678392392602251_3286122732785238016_o.jpg'),
('62045850_603752176800431_3773296230310871040_o.jpg'),
('62055839_681634515611372_2237110149359599616_n.jpg'),
('62066287_3220249321334519_5367026897274273792_n.jpg'),
('62076419_2453205514724865_3016382826497966080_o.jpg'),
('62092134_379717089322995_7518520489950576640_n.png'),
('62166538_333094427361038_5733406819011788800_n.png'),
('62179295_342607049746167_130984695662903296_n.png'),
('62218068_1247312272109837_249426905705480192_n.jpg'),
('62336748_3232220560137395_4498666831661236224_o.jpg'),
('62352345_2374821642800194_4805438714773766144_o.jpg'),
('62361324_424440161474134_4970383094075883520_n.jpg'),
('62408357_333017704060147_185564259592175616_n.jpg'),
('62459327_814032572315190_8732145322857332736_n.jpg'),
('62541333_369324177122512_8292769751864705024_n.jpg'),
('62557258_453831822064308_1663025433093865472_n.jpg'),
('62557481_2269758983274739_2709518180681777152_n.jpg'),
('62567600_2377073539178614_5688292963570941952_n.jpg'),
('62595707_2453945278002068_3956229118059610112_o.jpg'),
('62597641_754429658287205_5223522414893203456_n.jpg'),
('62600066_332777980726715_6450809139336577024_n.jpg'),
('62608971_2141977366105441_8017124029322231808_n.png'),
('62609557_431652494081703_3053809953199357952_n.png'),
('62609563_606143409879767_2603082770758500352_n.jpg'),
('62645279_664653640639635_2183893120855310336_n.jpg'),
('62649348_471912396889686_756514929632083968_n.jpg'),
('62742622_299080137636948_7796478055949533184_n.jpg'),
('62783937_2163595207079232_1357402694251184128_o.jpg'),
('62840713_2463061150405968_3938882806007988224_o.jpg'),
('63201816_673873623054915_2484650413370900480_n.jpg'),
('63347396_381557732712126_29443044491132928_n.jpg'),
('63365327_718849071878440_719296916298399744_n.png'),
('64203877_2453134054749857_2034064878951464960_n.jpg'),
('64204504_2219279098166860_2063575762451038208_n.jpg'),
('64208207_329626434379629_8036123753458958336_n.jpg'),
('64213322_2301398416845490_3277899184673390592_n.jpg'),
('64214318_453542815210272_2760329524989132800_n.jpg'),
('64224794_494285437981835_3116323953811914752_n.png'),
('64226509_473801096707517_89378037501526016_n.jpg'),
('64231451_448566542539894_3485537381438717952_n.jpg'),
('64245567_352169188832879_2213102454701031424_n.jpg'),
('64246093_312192646392173_8039088328865218560_n.png'),
('64247123_1277861085708165_5640080010053156864_o.jpg'),
('64255121_988042371401136_4813415126172434432_n.jpg'),
('64263794_2163595343745885_8323270895908945920_o.jpg'),
('64265578_2376054056009241_8872514023845789696_n.jpg'),
('64272795_2448627605200502_7977610742515892224_o.jpg'),
('64277233_321214848815607_1812299194719797248_n.jpg'),
('64280633_1593963564073161_2941736380792832000_n.jpg'),
('64283705_594958021025277_8907096404728479744_n.jpg'),
('64295881_424824598107663_7151737433992724480_n.png'),
('64298847_688573758250781_7834894390928605184_n.jpg'),
('64309688_1341232412701844_3203755924451753984_n.jpg'),
('64309966_317241555864594_6585495362369224704_n.jpg'),
('64312137_536430806890145_1961112278153560064_n.jpg'),
('64314407_309727676629780_5039415506424037376_n.jpg'),
('64320829_2270160649963658_5157510610094653440_n.png'),
('64325750_2453157691414160_8972853406297227264_o.jpg'),
('64330356_622611404896519_756426148363108352_n.jpg'),
('64348858_2394129170853112_3151476208135307264_n.jpg'),
('64362653_2252464574971342_6194952740603428864_n.jpg'),
('64364046_458405801385571_3806761649113661440_n.jpg'),
('64374297_2378869739062051_132601123784622080_o.jpg'),
('64383774_305489387071980_436241597781245952_n.png'),
('64405101_2163594693745950_7677265865644965888_o.jpg'),
('64406077_2109506212491449_973796680891629568_o.jpg'),
('64411048_688884928219664_4498940558516944896_n.jpg'),
('64434572_687901088318048_7614701137173676032_o.jpg'),
('64448990_334842697210280_3007587115727847424_n.png'),
('64456895_373320436646970_4898172740936138752_n.png'),
('64461086_728874397515453_1411956045995048960_n.png'),
('64466380_1606517172814709_871039506730450944_n.jpg'),
('64476514_1326811920820079_7165410990660517888_n.jpg'),
('64479594_195298028070769_7307073602086502400_n.jpg'),
('64480817_2460800914147872_8060630493252550656_n.png'),
('64515082_410331589561620_9028814231708893184_n.jpg'),
('64517703_615378182281726_7250194332278325248_n.jpg'),
('64517987_486754662061864_6271999072299646976_n.jpg'),
('64521557_2344362929145043_1997566805215805440_n.jpg'),
('64522901_1141831722666369_4909625958425690112_n.jpg'),
('64535151_919629435053141_7756555647738445824_n.png'),
('64535517_374564659842077_7774108646501253120_n.jpg'),
('64537017_312063919669024_8529302289574264832_n.jpg'),
('64537673_2377087372573621_5231401944714575872_o.jpg'),
('64538988_626885994453653_7893799695594553344_n.jpg'),
('64541679_2768526669856445_241203091305660416_n.jpg'),
('64550859_477620996339111_8280785483143839744_n.jpg'),
('64554340_404123173524034_2323259582635311104_n.jpg'),
('64565841_454399575118196_8427401201179426816_n.png'),
('64573532_2455646757831920_1484102773489270784_n.jpg'),
('64584714_2430388503849922_2405147570834767872_n.jpg'),
('64595540_695785597546702_4252385203521060864_n.jpg'),
('64616012_688573728250784_112308167815200768_n.jpg'),
('64616819_887090421643901_1816037070397767680_n.png'),
('64655141_2523940134306823_6275331850957225984_o.jpg'),
('64669960_429798067602843_2490393093883297792_n.jpg'),
('64680477_443756693118153_1418898371002761216_n.jpg'),
('64710171_487948561943290_2163690303364530176_n.png'),
('64717543_280123786129285_6899919073316962304_n.png'),
('64725318_355553028440222_6875235483949989888_n.jpg'),
('64759855_718944508527709_1906336150751019008_n.png'),
('64767758_2300144083576725_8203553024744882176_n.jpg'),
('64783946_325549025024166_7160090973584752640_n.jpg'),
('64784591_425649004945263_1028895304503525376_n.jpg'),
('64820107_1252050398291920_520881749484371968_n.png'),
('64842401_954940018170943_5980429582413594624_n.jpg'),
('64848340_2183155395073047_4819543357309059072_n.jpg'),
('64864031_562514394153155_7127193813314961408_n.jpg'),
('64900452_352662495434115_5078133287977746432_n.jpg'),
('64903628_346064269647932_2755543286448914432_n.jpg'),
('64907138_692518181189672_7597563289949700096_n.jpg'),
('64941215_2421698761396795_7643613774678589440_n.jpg'),
('64944713_677797255984425_343040004299161600_n.jpg'),
('64951239_732070053862767_8318692757124153344_n.jpg'),
('64954738_2281772595374767_7756136411685715968_n.jpg'),
('64978883_1132740343594681_5511968291028992000_o.jpg'),
('64979723_623642968134697_6282354560572850176_n.jpg'),
('64988874_733993377019061_6630514526666096640_n.jpg'),
('64990918_2523940027640167_2313439504985227264_o.jpg'),
('64992287_425977704800568_1789745230526808064_n.jpg'),
('65007465_615817188826471_2652599727886958592_n.jpg'),
('65030451_320787908833634_686905372463595520_n.jpg'),
('65044654_689022984872525_2385616018077646848_o.jpg'),
('65048402_2416650545262855_1920392101242077184_n.jpg'),
('65048508_2278856848869933_1698472760260427776_n.jpg'),
('65048628_1557416517723017_7271794354170101760_n.jpg'),
('65054383_316797152532789_2149961311553847296_n.jpg'),
('65075860_2280924551990845_8599261800678031360_n.jpg'),
('65088934_325025965106546_7556499769057607680_n.jpg'),
('65093892_1841635845937688_4307939222515351552_n.jpg'),
('65103943_450101855817348_6883401470910136320_n.jpg'),
('65110135_378544572799018_1680660147904446464_n.png'),
('65112516_2165675266871226_92891294979850240_o.jpg'),
('65127369_446284455949497_4047114860880723968_n.jpg'),
('65128835_2172409439531142_4505976234638835712_o.jpg'),
('65148605_329150777987028_5923355140701552640_n.png'),
('65163474_1033818233489670_3209628841257467904_n.jpg'),
('65167927_461518534408040_2184940431450570752_n.png'),
('65168193_350261592326772_407443717507514368_n.png'),
('65176441_862518354120069_8836092439182704640_n.jpg'),
('65178434_3278108025548648_7701708674850357248_o.jpg'),
('65178439_1039671972905538_71360353342062592_n.jpg'),
('65204146_385004822145328_7019246274255781888_n.jpg'),
('65210687_2486118741433542_1575965325017481216_n.jpg'),
('65213802_2183875211717898_2163128706325807104_n.jpg'),
('65235634_445578202663258_5452974196504133632_n.png'),
('65236265_1262551640559787_2710138786276179968_n.png'),
('65237016_825844254481471_4906623651731734528_n.jpg'),
('65239401_2181976048574481_6915057626149552128_n.jpg'),
('65242448_2183874721717947_261486383598665728_n.jpg'),
('65264788_496555237761915_6176797505821343744_n.png'),
('65270789_2146777285421647_6134874785311621120_n.png'),
('65301421_2182412911864128_3807237273792020480_n.jpg'),
('65304662_1296365847182928_7355709017177456640_n.jpg'),
('65306558_685133901935637_4761781476016521216_n.jpg'),
('65311097_1599099400223498_8751268535893753856_n.png'),
('65367889_694595390981951_913654739177046016_n.jpg'),
('65377662_2377083599246293_6300736496613720064_n.jpg'),
('65381151_682789152165712_6351323364455350272_n.png'),
('65383391_1186031138271254_4417075183320301568_n.jpg'),
('65383828_696391920802298_4797910917004132352_o.jpg'),
('65385115_839138613134671_1908252814266597376_n.jpg'),
('65385231_2181976428574443_6936006711387881472_n.jpg'),
('65386105_2414171375502106_2851840898516385792_n.jpg'),
('65430528_865528427152395_3332800622041759744_n.jpg'),
('65449212_2842633389096940_5687018290291933184_n.jpg'),
('65454118_2370406999900018_7525850513066164224_o.jpg'),
('65463549_347661652831543_170450840908201984_n.jpg'),
('65486232_427135284807843_3644349672723578880_n.png'),
('65491697_695308297577327_2349196331790106624_n.jpg'),
('65498426_901163926898803_609133766819971072_n.jpg'),
('65512852_2362008470550095_3011546693322670080_n.jpg'),
('65520578_2241734762597775_3272438571843190784_n.png'),
('65522126_423455945168853_7059240279571693568_n.png'),
('65522720_3286148238077960_1836560073405497344_n.jpg'),
('65543937_1137611646440884_1204251796927676416_n.jpg'),
('65544035_2192392204193419_7539911024812490752_n.jpg'),
('65551689_2495332850512131_6938739916905906176_n.jpg'),
('65575116_2342626165992034_6029261853035593728_n.jpg'),
('65578775_2188048347967251_5521946625339031552_n.jpg'),
('65590408_3286623364697114_7569711234488991744_n.jpg'),
('65598763_2192391774193462_242304612978130944_n.jpg'),
('65643646_482534362550407_471364818125717504_n.jpg'),
('65646699_699820137126143_1294504178101518336_n.jpg'),
('65646843_2301013803498072_8805688318449680384_n.jpg'),
('65667184_699820143792809_4132522909786701824_n.jpg'),
('65701061_10217641989419444_9022837342334877696_n.jpg'),
('65731596_2388451104770581_4493382230885793792_n.jpg'),
('65736960_441454479968062_806654472334868480_n.jpg'),
('65738348_448004132447801_5297710686372102144_n.jpg'),
('65745665_2059499354156101_2043222887392870400_n.jpg'),
('65763654_2411113469213539_8917816690343936_n.jpg'),
('65779873_2306823662740849_6050458959750365184_n.jpg'),
('65785644_464349024131631_3576143058032394240_n.jpg'),
('65792509_699627607145396_3082910448278831104_n.jpg'),
('65822596_2301283056614780_4617336352847953920_n.jpg'),
('65866059_2192392154193424_764980146963742720_n.jpg'),
('65927794_2502572853121464_8311587652855922688_n.jpg'),
('65943923_3285835578109226_5617130728480309248_n.jpg'),
('65968782_385502588740549_219554549168340992_n.jpg'),
('65986918_311181533095688_1284462759311835136_n.png'),
('66005203_2496028100633261_3078093251614343168_o.jpg'),
('66043815_323251148554056_7977170757476155392_n.jpg'),
('66047386_700366830404807_3393083292654764032_n.jpg'),
('66048245_2389892274626464_279262475847729152_n.jpg'),
('66057489_2203698216402264_6374869625007505408_n.jpg'),
('66057676_3291675507525233_1967336394435067904_n.jpg'),
('66072141_2470232196328374_4743884149725593600_n.jpg'),
('66084004_702144073560416_6272724569585352704_n.jpg'),
('66092656_2393973230885035_5042910935493115904_n.jpg'),
('66102585_1568317809970862_5738429843394002944_n.jpg'),
('66134567_2497084080354854_4697187504346890240_n.jpg'),
('66145242_363532047640719_3900011591042596864_n.jpg'),
('66173689_2205805699524849_3671940353654521856_n.jpg'),
('66179084_2647209345528114_8116760750829076480_n.jpg'),
('66190533_2391449481137410_4175617288784838656_n.jpg'),
('66222524_2192391750860131_8410257074713264128_n.jpg'),
('66223965_2200804403358312_5466883787394646016_n.jpg'),
('66237760_2497099717019957_5474751119508897792_n.jpg'),
('66259345_2509130295799053_307155406512193536_n.jpg'),
('66272723_441454509968059_8856332781802749952_n.jpg'),
('66290220_2406082016145405_7746315148624658432_n.jpg'),
('66290225_2062678747361232_7681441076367851520_n.jpg'),
('66298761_2393973277551697_7187212257539915776_n.jpg'),
('66304553_2496676073728988_4108260029646241792_n.jpg'),
('66365251_2513935218651894_3196261386908860416_n.jpg'),
('66371796_2497019630361299_5622852625645961216_n.jpg'),
('66386763_703148046793352_3345202769605689344_n.jpg'),
('66396929_705077743267049_7527062402513240064_n.jpg'),
('66424209_2352110585077767_4473097658692534272_n.jpg'),
('66431969_872564923115412_5822252551151550464_n.jpg'),
('66434404_657739754724422_271889301195718656_n.jpg'),
('66442364_2496676123728983_6723928051014434816_n.jpg'),
('66450282_2646581518924230_3306496296700870656_n.jpg'),
('66462410_2212511358854283_7995174147984457728_o.jpg'),
('66469975_393971298128945_7427335692851609600_n.jpg'),
('66483224_2508127062583889_4627545142218194944_n.jpg'),
('66487380_829348510841304_620841478301679616_n.jpg'),
('66506363_133273764545578_5909289964620742656_n.jpg'),
('66511046_702144176893739_5216356253369892864_n.jpg'),
('66520834_467865990446447_7605100021251309568_n.jpg'),
('66522619_2497059240357338_4768361370208960512_n.jpg'),
('66591723_2509130425799040_3592235613295738880_o.jpg'),
('66610691_871617196543518_5176163867809546240_o.jpg'),
('66611331_3317563558269761_4338271247927345152_n.jpg'),
('66646485_1569829483148387_5509574546841141248_o.jpg'),
('66650764_706925693082254_7422936946260836352_n.jpg'),
('66658431_1570486576416011_2876719990499704832_n.jpg'),
('66668386_873020856403152_3978223521028374528_n.jpg'),
('66697168_2210714865700599_6505545920543719424_n.jpg'),
('66715753_1570486449749357_8049448189415129088_o.jpg'),
('66720727_1571212716343397_2302743107977871360_n.jpg'),
('66725953_2064293070533133_5041363278387740672_o.jpg'),
('66733666_492317564910599_5357842045287268352_n.jpg'),
('66750679_2212510975520988_5898588843149361152_n.jpg'),
('66808353_706381989803291_4290890916769562624_n.jpg'),
('66832445_2396341720648186_7465501798741049344_n.jpg'),
('66833931_2396882887259691_1512108116332773376_n.jpg'),
('66842696_1143340609201321_6796320618141712384_n.jpg'),
('66847234_2428907197345966_6652855357401989120_n.jpg'),
('66849948_2213752542063498_6021945702664372224_n.jpg'),
('66859009_1572087739589228_6374261002371858432_n.jpg'),
('66867223_328052858073885_8626659427123986432_n.jpg'),
('66963057_711199782654845_7754276055191388160_n.jpg'),
('67075007_709650709476419_7620666902582394880_n.jpg'),
('67076695_2212073958898023_8849388889131974656_n.jpg'),
('67093627_2230258473746238_5232028799486394368_n.jpg'),
('67108143_3361468643879252_6295798881951154176_n.jpg'),
('67117495_2328641783878907_1006523657377284096_n.jpg'),
('67132805_829348597507962_3291646176692011008_n.jpg'),
('67176580_1436803569806910_3374645105427218432_o.jpg'),
('67195473_2213752102063542_8389578830112620544_o.jpg'),
('67205314_493828561426166_5047636980066680832_n.jpg'),
('67222477_2401064330175925_3165710885100453888_o.jpg'),
('67228126_2283259848393802_433897692393897984_n.jpg'),
('67255091_1878570542244218_1618911226996195328_o.jpg'),
('67276412_1582966018506041_5904031700584759296_n.jpg'),
('67288933_713092675798889_8302494451176046592_n.jpg'),
('67295781_1898891433545462_1544756035355410432_n.jpg'),
('67308815_1568000713331264_2655394042199670784_n.jpg'),
('67314090_714976892277134_9165630320433692672_n.jpg'),
('67327252_716229245485232_3908556299628969984_n.jpg'),
('67333956_1573743966090272_6370885952646152192_n.jpg'),
('67351529_2225995100839242_253920107217027072_o.jpg'),
('67354014_2069939663301807_8505393679811215360_n.jpg'),
('67364939_759848967801294_7645171391813124096_o.jpg'),
('67378557_171014007271519_3710438189933002752_n.jpg'),
('67401802_2297935690536663_6480808145869340672_n.jpg'),
('67403532_711843299257160_7487139934172610560_n.jpg'),
('67407732_2398526927096332_1983817034353344512_n.jpg'),
('67409210_712022739239216_7228023771225915392_n.jpg'),
('67415648_1387379918077334_2369282227386187776_n.jpg'),
('67424863_716229452151878_200805041236344832_n.jpg'),
('67470801_2410958762519815_141232019479724032_o.jpg'),
('67482158_1583898531741482_4385616600871469056_n.jpg'),
('67494893_765316373921220_6328843823455666176_n.jpg'),
('67532215_2341248595951559_6524444584099971072_n.jpg'),
('67548216_2219677764804309_4708455441242259456_n.jpg'),
('67556910_1912169375551001_4295085145607634944_n.jpg'),
('67563353_2243917842380301_2346939343655927808_n.jpg'),
('67568383_2662447307337651_4707306610505023488_n.jpg'),
('67582175_711488009292689_8063848587693391872_n.jpg'),
('67601800_710039656104191_129394909223321600_o.jpg'),
('67611859_2664080650507650_7679218473741844480_n.jpg'),
('67613548_294977731314211_1400554986588340224_n.jpg'),
('67638292_366904874003462_7501072833850638336_n.jpg'),
('67645077_712033642571459_8028279721542287360_n.jpg'),
('67649706_2373876412725137_8930374998623780864_n.jpg'),
('67726515_2373875849391860_1750469369512591360_n.jpg'),
('67727573_716229398818550_4379529803284348928_n.jpg'),
('67730242_3397915240234592_1135986779271200768_n.jpg'),
('67730244_1581395398658462_2068213781669871616_o.jpg'),
('67755188_2317725988295778_3855085923888791552_n.jpg'),
('67758794_3411153765577406_2366243971815964672_o.jpg'),
('67781543_366904914003458_1329578169530843136_n.jpg'),
('67800570_848703035572518_8124318677794291712_n.jpg'),
('67846220_1116457771879597_4473491786366451712_n.jpg'),
('67901383_2255096484595770_6031005742901755904_n.jpg'),
('67904675_1345699295620753_7300870041518473216_n.jpg'),
('67948419_2349544615121957_5663862352072671232_n.jpg'),
('67948963_725213277920162_3130423828933509120_n.jpg'),
('67953924_2373071149631465_6909137795416064000_n.jpg'),
('67961257_2343935545711863_4237334624503595008_n.jpg'),
('67961278_1347874768736539_3951243283799212032_n.jpg'),
('67964436_1453010761519524_5506479885465419776_n.jpg'),
('67980378_725184427923047_7683938316382633984_n.jpg'),
('68249724_2418965131718133_642555222337519616_n.jpg'),
('68269178_1347363715454311_3773884804039180288_o.jpg'),
('68324795_460012524778924_2529971913300639744_n.jpg'),
('68377706_341489480063556_1669080151570251776_n.jpg'),
('68381057_1581395411991794_561319493641437184_o.jpg'),
('68409872_348081652737672_4901237075547783168_n.jpg'),
('68443024_720795261695297_2554534693827510272_n.jpg'),
('68608945_2678250309090684_4423009367834492928_n.jpg'),
('68655712_2373876212725157_499804605501145088_n.jpg'),
('68663797_2283225711782847_7208794420957675520_n.jpg'),
('68672033_774984626287728_7757381131862802432_n.jpg'),
('68728393_1402972699851389_5124029007855091712_n.jpg'),
('68735261_728210837620406_6399671729702043648_o.jpg'),
('68751633_2571990029530925_1683141513720102912_n.jpg'),
('68769850_2274073232698095_5619951568511041536_o.jpg'),
('68850315_1349228368601179_4268092646246842368_o.jpg'),
('68990131_2391583110918107_1524424776867643392_o.jpg'),
('69014831_2577962685600326_8213958407653163008_o.jpg'),
('69022898_1325951017565838_2592833789084303360_n.jpg'),
('69026344_2379352672141151_118238486858825728_n.jpg'),
('69032645_1345695445621138_4120638065263771648_o.jpg'),
('69094602_2346063672165717_50958575786262528_n.jpg'),
('69115651_1349235711933778_4198739464266186752_o.jpg'),
('69121650_1456789857808281_3902191527463485440_n.jpg'),
('69126423_473720750131403_4592378362315407360_n.jpg'),
('69140460_1463561743797759_6250527014663487488_o.jpg'),
('69151332_860178191091669_1607345623097409536_n.jpg'),
('69153036_2295619867210098_7084058997199732736_n.jpg'),
('69159933_2277263882379030_7544659832712724480_n.jpg'),
('69185296_2391583144251437_7615854524871213056_o.jpg'),
('69206956_2567537489976179_7062788433659297792_n.jpg'),
('69213590_727687507672739_5265424416480690176_n.jpg'),
('69213595_2585168228213105_7719068524638896128_o.jpg'),
('69225399_2684812575101124_7036843837599252480_o.jpg'),
('69245682_483313632232492_1550883935779553280_n.jpg'),
('69274549_2273605322744886_6314911606677438464_o.jpg'),
('69285553_2300846810020737_6873849270370304000_o.jpg'),
('69301353_2341979492574135_4705380047089827840_n.jpg'),
('69314666_1464721447015122_5528971469553401856_o.jpg'),
('69315707_2391582740918144_6337178916163158016_o.jpg'),
('69316858_1182006652187681_7463505283193503744_o.jpg'),
('69339784_1464721267015140_4877050392422121472_o.jpg'),
('69341805_1452979244856009_5427207330485764096_n.jpg'),
('69370671_1605967026201299_8641244487521140736_o.jpg'),
('69373898_1466089963544937_3456874741095202816_n.jpg'),
('69383217_1621746034628039_4780888058939572224_n.jpg'),
('69384009_2298895916882493_1275324606504239104_o.jpg'),
('69400243_2427927380822953_1833917311308791808_n.jpg'),
('69431248_1466079943545939_8516003516047687680_n.jpg'),
('69443739_561211804416000_805647448532844544_o.jpg'),
('69478030_1460510830769517_2991891441212456960_n.jpg'),
('69491001_1618325614970081_6634703580068577280_n.jpg'),
('69496011_105899997461342_2706138677074984960_n.jpg'),
('69510069_2303514466420638_5117851251450576896_n.jpg'),
('69517403_2297725066999578_7759456541664608256_o.jpg'),
('69522942_2308939009211517_5988832398165409792_n.jpg'),
('69527675_2315890941849657_6164175851068850176_o.jpg'),
('69528839_1466090303544903_4539848983845011456_n.jpg'),
('69538114_1463079860512614_8531902312451407872_o.jpg'),
('69546653_2317726881666063_4988513705810460672_o.jpg'),
('69561100_105899624128046_1637105412836687872_n.jpg'),
('69568198_1463833460437254_4229535732693204992_o.jpg'),
('69605388_742876609487162_7701253764799266816_n.jpg'),
('69629859_1466089796878287_4962041189550260224_n.jpg'),
('69640658_611992285993087_7778002622765596672_n.jpg'),
('69665100_2305377756234309_1470356073528426496_n.jpg'),
('69665302_2314073428698075_815860090488750080_n.jpg'),
('69670603_2307055616066523_789261607132725248_n.jpg'),
('69671306_2427927277489630_3773676773003231232_n.jpg'),
('69677554_1468970929923507_4208657325436698624_n.jpg'),
('69695502_2426156014333423_964861542598180864_n.jpg'),
('69697126_1629748053827837_3079817689573621760_n.jpg'),
('69700387_2317727214999363_39975034445365248_n.jpg'),
('69711430_743090502799106_5889257275079524352_o.jpg'),
('69727869_1468970686590198_1669963703652450304_n.jpg'),
('69739889_742876626153827_6680707236769038336_n.jpg'),
('69747079_1468970789923521_2522909470942560256_n.jpg'),
('69754863_105899617461380_101092698240319488_n.jpg'),
('69764047_1610807755717226_427138431777243136_n.jpg'),
('69784217_179268859777852_2720648743048183808_n.jpg'),
('69786527_1466079863545947_1348377301514977280_n.jpg'),
('69788912_2418690258346974_6158626405430067200_n.jpg'),
('69809579_1463562097131057_3900932797103079424_o.jpg'),
('69813209_1467742343379699_7544137564689530880_n.jpg'),
('69820870_1618325024970140_5439887293714268160_n.jpg'),
('69821249_741699469604876_6951551185874583552_n.jpg'),
('69827507_2308938762544875_1840001781023637504_n.jpg'),
('69861474_1411317425683583_9086131510871851008_o.jpg'),
('69894707_1473226492831284_3783780528948248576_n.jpg'),
('69904417_2307323599373058_8662050554643480576_n.jpg'),
('69909923_1463561713797762_9018721153052573696_o.jpg'),
('69914005_1632334963569146_3987723198413144064_n.jpg'),
('69914207_1475107952643138_8093217355020107776_n.jpg'),
('69923963_745911162517040_4152214304046710784_n.jpg'),
('69935095_2319528314819253_4973853363226542080_n.jpg'),
('69938912_1632334896902486_1219410673545510912_n.jpg'),
('69940744_1480749118745688_6919924537060491264_o.jpg'),
('69941620_2300846550020763_3970155631121268736_o.jpg'),
('69959245_1460510840769516_78202751640666112_n.jpg'),
('69994335_2307323546039730_1613683543127359488_n.jpg'),
('69999401_1027907294206994_7829844364087001088_n.jpg'),
('70074243_1466079523545981_8991895289832931328_n.jpg'),
('70088196_2398851836857901_5073994743390666752_n.jpg'),
('70114773_747691489005674_2070444540438773760_n.jpg'),
('70115775_2398851750191243_1767559396570693632_n.jpg'),
('70122295_1618325554970087_2684929694775640064_n.jpg'),
('70122667_2090559241239849_3532196441558614016_n.jpg'),
('70125611_790970231355834_460561626756546560_o.png'),
('70127002_2421031418170909_7220174722787442688_n.jpg'),
('70150354_2456932324352799_2685868647640989696_n.jpg'),
('70161507_753523958422427_557732646193463296_n.jpg'),
('70164917_2321902627915155_358482121125265408_n.jpg'),
('70169784_2439540402994984_7590574570705256448_n.jpg'),
('70177826_2314074608697957_2179925850974060544_n.jpg'),
('70179361_2330437663728318_6195253375429246976_n.jpg'),
('70199249_1476528355834431_1937220676461002752_n.jpg'),
('70202672_2418974718318528_3546291321633243136_n.jpg'),
('70204237_2329274273844657_9066808921158582272_n.jpg'),
('70229991_1477837125703554_1633349725929340928_n.jpg'),
('70234278_3500849356607846_657919570190794752_n.jpg'),
('70240176_1463834103770523_7519288455872905216_o.jpg'),
('70243898_2418974738318526_9002961539359047680_n.jpg'),
('70267829_2300846703354081_3889086182084050944_o.jpg'),
('70280597_2330437727061645_3825759779817521152_n.jpg'),
('70294477_1987210098046928_4710218860324716544_n.jpg'),
('70303451_742978416143648_1661994752611975168_o.jpg'),
('70314985_748698135571676_3281098673315905536_o.jpg'),
('70334500_1463833587103908_2798160975616802816_o.jpg'),
('70337670_1480750505412216_4206245757134569472_n.jpg'),
('70345821_2321901884581896_2671772367407022080_n.jpg'),
('70349082_1478584828962117_728014226735497216_n.jpg'),
('70350557_1333389933475960_8711182575328034816_n.jpg'),
('70352532_2330437427061675_8567915273925951488_n.jpg'),
('70366049_749371312171025_2058684344456708096_n.jpg'),
('70381814_2421281748145876_9204390901336506368_n.jpg'),
('70390275_742978346143655_7574713887841320960_o.jpg'),
('70394792_749694532138703_3199879785186590720_n.jpg'),
('70415929_1491852930969555_7356740436393721856_o.jpg'),
('70429410_1480748888745711_782383560605564928_n.jpg'),
('70440705_1470733873080546_5366956897897283584_n.jpg'),
('70445031_742817906159699_8334433331227656192_n.jpg'),
('70448099_742817886159701_758928714137337856_n.jpg'),
('70494013_2326955644076520_7661319867550662656_n.jpg'),
('70515832_3501348103224638_6043975723796922368_o.jpg'),
('70540411_621289641730018_3390099192327176192_n.jpg'),
('70550994_2309217495850335_4282677642219487232_n.jpg'),
('70556188_1629748013827841_4549137250054569984_n.jpg'),
('70556201_2329274587177959_4653462860372901888_n.jpg'),
('70562789_745911272517029_1602572497092345856_o.jpg'),
('70563992_751168228658000_7583072748897828864_n.jpg'),
('70615754_1475107885976478_2576685236037353472_n.jpg'),
('70630247_2344106209028130_3883908057842843648_o.jpg'),
('70634300_2342141339224617_222484455598587904_n.jpg'),
('70637758_789657954820395_3615290740042629120_n.png'),
('70642779_748407705600719_3758849811458031616_n.jpg'),
('70651955_752533791854777_3855872130537226240_n.jpg'),
('70706614_875666106209544_3790036917614018560_n.jpg'),
('70746122_752533865188103_3164194263428759552_n.jpg'),
('70757896_1476528405834426_2748456388547051520_o.jpg'),
('70769423_1480748972079036_2080527629001162752_n.jpg'),
('70775678_2359654957630067_307653180336898048_n.png'),
('70791071_748407735600716_8435930598207389696_n.jpg'),
('70810075_2315889995183085_4463328832887193600_o.jpg'),
('70833841_1470935756393691_8384372870188367872_n.jpg'),
('70836674_2319529144819170_8142218443626643456_n.jpg'),
('70844680_1403692813119850_8363906131252215808_n.jpg'),
('70859253_2341980202574064_2318493131009425408_n.jpg'),
('70861075_753628778411945_1859523047334084608_n.jpg'),
('70862374_2359655544296675_3013099732022067200_n.png'),
('70864330_748697935571696_6968574155608293376_o.jpg'),
('70865584_1480750665412200_1104063494245842944_n.jpg'),
('70876951_743199019454921_1020831417505939456_n.jpg'),
('70880020_2454781081478192_6014707235366633472_n.jpg'),
('70897533_2359655197630043_6059483751191150592_n.png'),
('70900263_1482765621877371_7008839469713326080_n.jpg'),
('70919750_2359655100963386_3776155630557986816_n.png'),
('70922811_2342141955891222_7652109211400142848_n.jpg'),
('70923172_743198802788276_5082137597656956928_n.jpg'),
('70929860_657746721384673_4994049381784092672_n.jpg'),
('70931719_2343935592378525_2887418543580643328_n.jpg'),
('70933949_2352093824896035_1446136533902950400_n.jpg'),
('70947923_2624618740934720_2078376266997694464_n.jpg'),
('70950001_2330437640394987_5723150123576328192_n.jpg'),
('70971439_1477837189036881_3460658267980562432_o.jpg'),
('70974645_2640198932710034_6092673536172752896_n.jpg'),
('70976429_1482765841877349_2325039773565059072_n.jpg'),
('70996114_2352093524896065_8818793410426044416_n.jpg'),
('71008038_2355804747858276_1174957293880475648_n.jpg'),
('71017314_657746958051316_3624587042135998464_n.jpg'),
('71022182_2353624738076277_5682553886536105984_o.jpg'),
('71031637_2992425287465748_1320278611852263424_n.jpg'),
('71033635_2357451274350211_8465749057199931392_n.jpg'),
('71042601_781672032310227_2361447373814628352_n.jpg'),
('71044437_1161543717389387_5615474219723784192_n.jpg'),
('71071227_749694442138712_4844694067319144448_n.jpg'),
('71088614_2345638322208252_8392767392358334464_n.jpg'),
('71097292_2355805227858228_5742906380432441344_n.jpg'),
('71098499_480817642514453_6754556961745797120_n.jpg'),
('71104071_2353624531409631_8891686727790362624_n.jpg'),
('71106065_2338482706257147_2808523928543166464_n.jpg'),
('71111547_2454781124811521_7418876071862337536_n.jpg'),
('71111846_2346063395499078_1522540265477242880_n.jpg'),
('71120134_2357387094366708_6926447389792272384_n.jpg'),
('71143843_2352093491562735_4974081370155384832_n.jpg'),
('71148146_2992425044132439_7067250376398864384_n.jpg'),
('71151625_2653009908054096_3123454810704052224_n.jpg'),
('71167577_2653114151377005_3750661035401412608_n.jpg'),
('71169488_751168041991352_1137354253908574208_n.jpg'),
('71170492_795728970859221_6495785465629638656_o.jpg'),
('71170612_2326955470743204_7209316139225055232_n.jpg'),
('71182171_1480749062079027_5593329849381945344_n.jpg'),
('71209084_1480748722079061_7351849001219522560_n.jpg'),
('71219108_2361557150616369_8889082843737620480_n.jpg'),
('71227552_657746794717999_3339597369132974080_n.jpg'),
('71230358_2355938737844877_348748634310836224_n.jpg'),
('71232089_657746994717979_4729710242252718080_n.jpg'),
('71252875_753629151745241_9122164632922882048_n.jpg'),
('71255727_756302591477897_2915732088982339584_n.jpg'),
('71262138_2992424977465779_4570421600440025088_n.jpg'),
('71262375_2361557147283036_5746319642482180096_o.jpg'),
('71286690_767245147062782_3346822517737127936_o.jpg'),
('71341845_767006357061739_6542690215058735104_n.jpg'),
('71347388_2346063605499057_2802459499145723904_n.jpg'),
('71374628_2357388081033276_5258278703296675840_n.jpg'),
('71378055_2345637935541624_4843885170358484992_n.jpg'),
('71381799_480817612514456_1293490376841101312_n.jpg'),
('71385587_756885028086320_8164809872819355648_o.jpg'),
('71391373_2345638785541539_3359042713306529792_n.jpg'),
('71395939_2355938604511557_5825271406354497536_o.jpg'),
('71401544_3003907429650867_6582439463073349632_n.jpg'),
('71402059_2361558013949616_6675728205736837120_n.jpg'),
('71434266_2001333703301234_7180396445088874496_n.jpg'),
('71473134_2364998170272267_6540248581985533952_n.jpg'),
('71487451_519688512193953_7529477028832083968_n.jpg'),
('71495411_2338482889590462_5302594330475626496_n.jpg'),
('71513420_2355938684511549_1845089831210713088_o.jpg'),
('71518311_753523921755764_8584845218962997248_n.jpg'),
('71520087_2353624454742972_3979367176330018816_n.jpg'),
('71528395_751167918658031_4509602514181554176_n.jpg'),
('71534878_2342141652557919_4700272596535476224_o.jpg'),
('71538833_2354406057998145_2833381584344711168_n.jpg'),
('71547080_761300600978096_1038287392957530112_n.jpg'),
('71547272_2493656247544772_8231057746200363008_n.jpg'),
('71548906_762406030867553_5906247100550610944_o.jpg'),
('71549137_1655223607946948_8621788453173985280_n.jpg'),
('71555549_2364998086938942_6372982369133002752_n.jpg'),
('71566870_2369296693175748_5193978726433423360_o.jpg'),
('71571111_2458424977773193_5667656453167513600_o.jpg'),
('71575822_761300630978093_7294170828839583744_n.jpg'),
('71594942_2355938917844859_9140704894343184384_n.jpg'),
('71596327_2380858111995397_3908706567649755136_n.jpg'),
('71600475_2633018763408125_4650401957440126976_n.jpg'),
('71670275_2361557497283001_768906034835095552_n.jpg'),
('71678581_2369297279842356_3204463606213115904_o.jpg'),
('71679241_2669037773141637_2490981087791022080_n.jpg'),
('71687436_2344106242361460_8929958532824956928_n.jpg'),
('71697537_756884981419658_4857521098817798144_n.jpg'),
('71706821_2369141913191226_3960405844905951232_o.jpg'),
('71724730_2651079121622015_9129075913906978816_n.jpg'),
('71758692_781672098976887_466004106234822656_n.jpg'),
('71760079_2369295863175831_409667849141878784_n.jpg'),
('71762626_756885074752982_734928509901733888_n.jpg'),
('71763667_2364998540272230_2821978020972068864_n.jpg'),
('71785358_670957823396896_7738568509386391552_n.jpg'),
('71815284_1478582962295637_5562744983540203520_o.jpg'),
('71819293_753630318411791_4384691443441074176_o.jpg'),
('71821570_753524055089084_5889717785767968768_n.jpg'),
('71859575_2355805114524906_8723247662448508928_n.jpg'),
('71864611_2361557937282957_8500548419830415360_n.jpg'),
('71866634_891104874665667_4554214047427330048_o.jpg'),
('71870139_2364998350272249_5990355213179944960_n.jpg'),
('71877444_2669037606474987_8326103190617456640_n.jpg'),
('71888604_399169840776965_8720774272387121152_n.jpg'),
('71891554_2342141595891258_4539099314483363840_o.jpg'),
('71899306_2359654824296747_3236172434931449856_n.png'),
('71904153_399676260961543_5367839956058243072_o.jpg'),
('71914134_891104821332339_7578930197106262016_o.jpg'),
('71920342_2369607143144703_8344640643129147392_o.jpg'),
('71935322_2378923382213079_3013957316731994112_n.jpg'),
('71945555_399169727443643_936780531020857344_n.jpg'),
('72046006_2115272865447914_7654660658197168128_n.jpg'),
('72052506_2669037863141628_3878777650688294912_n.jpg'),
('72062376_3546371802055601_6976700877977419776_o.jpg'),
('72073502_2344106199028131_8248872239752019968_n.jpg'),
('72084082_756302081477948_5711532645062541312_n.jpg'),
('72084805_1203670619805170_7533970397847355392_n.jpg'),
('72109781_2454255108176868_3503522389486993408_n.jpg'),
('72133856_519688565527281_5953724046997716992_n.jpg'),
('72181707_2369295759842508_6757105659763752960_o.jpg'),
('72198587_1490538231100110_5863323437912555520_n.jpg'),
('72200007_763741440734012_6826678550796435456_n.jpg'),
('72256410_2357386907700060_7851618117405900800_o.jpg'),
('72342924_2440852186028692_2673718464333479936_n.jpg'),
('72345099_761300580978098_8691558929882152960_n.jpg'),
('72383919_2378923532213064_567818620973875200_o.jpg'),
('72386263_2115272938781240_7472684942565048320_n.jpg'),
('72389173_2499093733530939_3652102269081485312_o.jpg'),
('72427112_1655223774613598_8364319285631254528_n.jpg'),
('72470150_2444405395833511_5417470871553966080_n.jpg'),
('72525127_760594467715376_4157522793430253568_n.jpg'),
('72529730_3596437100382404_1126643103688556544_n.jpg'),
('72548970_2115272855447915_611637556659879936_n.jpg'),
('72636140_2638936379483030_800148034968092672_n.jpg'),
('72759611_760594504382039_4900507253230010368_n.jpg'),
('72761012_762405247534298_5663859903941312512_n.jpg'),
('73422544_2454254424843603_5198732452071211008_o.jpg'),
('8958b2c3gy1g658q1n1u1j20u0140jwy.jpg'),
('8e73021fgy1g72tqbvmbpj20u0190x6s.jpg'),
('captain_teemo.jpg'),
('EE59-b9U8AAqJHp.jpg'),
('EE5984cUUAYnF0c.jpg'),
('EE599s3UYAYzpqE.jpg'),
('FB_IMG_1558091742366.jpg'),
('FB_IMG_1558372469953.jpg'),
('FB_IMG_1558374207923.jpg'),
('FB_IMG_1558374212419.jpg'),
('FB_IMG_1558374243173.jpg'),
('FB_IMG_1558374279297.jpg'),
('FB_IMG_1558374450359.jpg'),
('FB_IMG_1558374480325.jpg'),
('FB_IMG_1558374639998.jpg'),
('FB_IMG_1558374660363.jpg'),
('FB_IMG_1558374709023.jpg'),
('FB_IMG_1558374720894.jpg'),
('FB_IMG_1558374740976.jpg'),
('FB_IMG_1558374762395.jpg'),
('FB_IMG_1558374786530.jpg'),
('FB_IMG_1558558277339.jpg'),
('FB_IMG_1558558434304.jpg'),
('FB_IMG_1558558475214.jpg'),
('FB_IMG_1558558520579.jpg'),
('FB_IMG_1558711258570.jpg'),
('FB_IMG_1558712531843.jpg'),
('FB_IMG_1558712587130.jpg'),
('FB_IMG_1559217840515.jpg'),
('FB_IMG_1559331327277.jpg'),
('FB_IMG_1559356436591.jpg'),
('FB_IMG_1559356568163.jpg'),
('FB_IMG_1559357262524.jpg'),
('FB_IMG_1559357270662.jpg'),
('FB_IMG_1559357495350.jpg'),
('FB_IMG_1559357499716.jpg'),
('FB_IMG_1559398928568.jpg'),
('FB_IMG_1559544860294.jpg'),
('FB_IMG_1559662250892.jpg'),
('FB_IMG_1559663180382.jpg'),
('FB_IMG_1559663192367.jpg'),
('FB_IMG_1559743412423.jpg'),
('FB_IMG_1559744068844.jpg'),
('FB_IMG_1559827411020.jpg'),
('FB_IMG_1559865180777.jpg'),
('FB_IMG_1559865962597.jpg'),
('FB_IMG_1559924617662.jpg'),
('FB_IMG_1559924642952.jpg'),
('FB_IMG_1559924796961.jpg'),
('FB_IMG_1560019052348.jpg'),
('FB_IMG_1560181242191.jpg'),
('FB_IMG_1560288057401.jpg'),
('FB_IMG_1560322276472.jpg'),
('FB_IMG_1560322282512.jpg'),
('FB_IMG_1560322292457.jpg'),
('FB_IMG_1560336530319.jpg'),
('FB_IMG_1560336538157.jpg'),
('FB_IMG_1560336553326.jpg'),
('FB_IMG_1560336556260.jpg'),
('FB_IMG_1560336568476.jpg'),
('FB_IMG_1560336579162.jpg'),
('FB_IMG_1560336600215.jpg'),
('FB_IMG_1560336607755.jpg'),
('FB_IMG_1560348694845.jpg'),
('FB_IMG_1560348701979.jpg'),
('FB_IMG_1560443249433.jpg'),
('FB_IMG_1560538541447.jpg'),
('FB_IMG_1560541849159.jpg'),
('FB_IMG_1560541951764.jpg'),
('FB_IMG_1560541953946.jpg'),
('FB_IMG_1560541956064.jpg'),
('FB_IMG_1560541960801.jpg'),
('FB_IMG_1560541963435.jpg'),
('FB_IMG_1560541965720.jpg'),
('FB_IMG_1560555420316.jpg'),
('FB_IMG_1560646151709.jpg'),
('FB_IMG_1560646160613.jpg'),
('FB_IMG_1560646224238.jpg'),
('FB_IMG_1560675460771.jpg'),
('FB_IMG_1560684848770.jpg'),
('FB_IMG_1560684851103.jpg'),
('FB_IMG_1560694495161.jpg'),
('FB_IMG_1560694499919.jpg'),
('FB_IMG_1560694504136.jpg'),
('FB_IMG_1560694508373.jpg'),
('FB_IMG_1560694519472.jpg'),
('FB_IMG_1560694525324.jpg'),
('FB_IMG_1560695219340.jpg'),
('FB_IMG_1560695224536.jpg'),
('FB_IMG_1560695230305.jpg'),
('FB_IMG_1560695234927.jpg'),
('FB_IMG_1560695409181.jpg'),
('FB_IMG_1560695412149.jpg'),
('FB_IMG_1560695416269.jpg'),
('FB_IMG_1560695447782.jpg'),
('FB_IMG_1560695481978.jpg'),
('FB_IMG_1560695505030.jpg'),
('FB_IMG_1560695679946.jpg'),
('FB_IMG_1560695682465.jpg'),
('FB_IMG_1560695686235.jpg'),
('FB_IMG_1560695688801.jpg'),
('FB_IMG_1560695776356.jpg'),
('FB_IMG_1560709005208.jpg'),
('FB_IMG_1560709010891.jpg'),
('FB_IMG_1560709015909.jpg'),
('FB_IMG_1560770048296.jpg'),
('FB_IMG_1560770053161.jpg'),
('FB_IMG_1560770056845.jpg'),
('FB_IMG_1560770059579.jpg'),
('FB_IMG_1560789524558.jpg'),
('FB_IMG_1560789746288.jpg'),
('FB_IMG_1560791348837.jpg'),
('FB_IMG_1560791354224.jpg'),
('FB_IMG_1560791356297.jpg'),
('FB_IMG_1560791358509.jpg'),
('FB_IMG_1560791867836.jpg'),
('FB_IMG_1560791871755.jpg'),
('FB_IMG_1560791878643.jpg'),
('FB_IMG_1560791881278.jpg'),
('FB_IMG_1560804324353.jpg'),
('FB_IMG_1560804326805.jpg'),
('FB_IMG_1560804331245.jpg'),
('FB_IMG_1560804334985.jpg'),
('FB_IMG_1560804338049.jpg'),
('FB_IMG_1560805573185.jpg'),
('FB_IMG_1560805748702.jpg'),
('FB_IMG_1560805751171.jpg'),
('FB_IMG_1560805753974.jpg'),
('FB_IMG_1560805756141.jpg'),
('FB_IMG_1560805762912.jpg'),
('FB_IMG_1560805961092.jpg'),
('FB_IMG_1560805965349.jpg'),
('FB_IMG_1560805969000.jpg'),
('FB_IMG_1560805975424.jpg'),
('FB_IMG_1560960795729.jpg'),
('FB_IMG_1560975797340.jpg'),
('FB_IMG_1560975803668.jpg'),
('FB_IMG_1560975807489.jpg'),
('FB_IMG_1560975812903.jpg'),
('FB_IMG_1560975817488.jpg'),
('FB_IMG_1560979467958.jpg'),
('FB_IMG_1561056884559.jpg'),
('FB_IMG_1561130496523.jpg'),
('FB_IMG_1561147730218.jpg'),
('FB_IMG_1561147743528.jpg'),
('FB_IMG_1561295898023.jpg'),
('FB_IMG_1561295900648.jpg'),
('FB_IMG_1561313794878.jpg'),
('FB_IMG_1561401946341.jpg'),
('FB_IMG_1561401948603.jpg'),
('FB_IMG_1561401950748.jpg'),
('FB_IMG_1561401952920.jpg'),
('FB_IMG_1561401960656.jpg'),
('FB_IMG_1561402226967.jpg'),
('FB_IMG_1561402228954.jpg'),
('FB_IMG_1561402231140.jpg'),
('FB_IMG_1561402233411.jpg'),
('FB_IMG_1561530863713.jpg'),
('FB_IMG_1561530865761.jpg'),
('FB_IMG_1561530867931.jpg'),
('FB_IMG_1561530870247.jpg'),
('FB_IMG_1561530872500.jpg'),
('FB_IMG_1561530874693.jpg'),
('FB_IMG_1561590773070.jpg'),
('FB_IMG_1561590776309.jpg'),
('FB_IMG_1561590779310.jpg'),
('FB_IMG_1561590782060.jpg'),
('FB_IMG_1561590784465.jpg'),
('FB_IMG_1561590786840.jpg'),
('FB_IMG_1561590790935.jpg'),
('FB_IMG_1561665172896.jpg'),
('FB_IMG_1561665175186.jpg'),
('FB_IMG_1561666346123.jpg'),
('FB_IMG_1561666348913.jpg'),
('FB_IMG_1561666351117.jpg'),
('FB_IMG_1561666353516.jpg'),
('FB_IMG_1561666355818.jpg'),
('FB_IMG_1561666361052.jpg'),
('FB_IMG_1561666366425.jpg'),
('FB_IMG_1561666382416.jpg'),
('FB_IMG_1561666386322.jpg'),
('FB_IMG_1561666514128.jpg'),
('FB_IMG_1561666526873.jpg'),
('FB_IMG_1561666554587.jpg'),
('FB_IMG_1561666563726.jpg'),
('FB_IMG_1561666593603.jpg'),
('FB_IMG_1561666604156.jpg'),
('FB_IMG_1561667160802.jpg'),
('FB_IMG_1561667175197.jpg'),
('FB_IMG_1561667182781.jpg'),
('FB_IMG_1561667502200.jpg'),
('FB_IMG_1561667516246.jpg'),
('FB_IMG_1561667550309.jpg'),
('FB_IMG_1561667707296.jpg'),
('FB_IMG_1561667852410.jpg'),
('FB_IMG_1561667896228.jpg'),
('FB_IMG_1561667908191.jpg'),
('FB_IMG_1561668405319.jpg'),
('FB_IMG_1561668414496.jpg'),
('FB_IMG_1561793909132.jpg'),
('FB_IMG_1561793947312.jpg'),
('FB_IMG_1561793949347.jpg'),
('FB_IMG_1561793951567.jpg'),
('FB_IMG_1561793953436.jpg'),
('FB_IMG_1561810206591.jpg'),
('FB_IMG_1561844449640.jpg'),
('FB_IMG_1561844461902.jpg'),
('FB_IMG_1561844466140.jpg'),
('FB_IMG_1561844482898.jpg'),
('FB_IMG_1561844506197.jpg'),
('FB_IMG_1561850535753.jpg'),
('FB_IMG_1561850538551.jpg'),
('FB_IMG_1561850541271.jpg'),
('FB_IMG_1561852045954.jpg'),
('FB_IMG_1561852049614.jpg'),
('FB_IMG_1561852054117.jpg'),
('FB_IMG_1561852056632.jpg'),
('FB_IMG_1561852063601.jpg'),
('FB_IMG_1561887803532.jpg'),
('FB_IMG_1561902784209.jpg'),
('FB_IMG_1561902786191.jpg'),
('FB_IMG_1561925219324.jpg'),
('FB_IMG_1561925222364.jpg'),
('FB_IMG_1561925225035.jpg'),
('FB_IMG_1561925227888.jpg'),
('FB_IMG_1561925232652.jpg'),
('FB_IMG_1561925236936.jpg'),
('FB_IMG_1561925241796.jpg'),
('FB_IMG_1561925249178.jpg'),
('FB_IMG_1561925252213.jpg'),
('FB_IMG_1561925257762.jpg'),
('FB_IMG_1561925267118.jpg'),
('FB_IMG_1561925270738.jpg'),
('FB_IMG_1561925283561.jpg'),
('FB_IMG_1561925289505.jpg'),
('FB_IMG_1561925297737.jpg'),
('FB_IMG_1561963806298.jpg'),
('FB_IMG_1561963813281.jpg'),
('FB_IMG_1561963815702.jpg'),
('FB_IMG_1561963817921.jpg'),
('FB_IMG_1562000890887.jpg'),
('FB_IMG_1562000903582.jpg'),
('FB_IMG_1562000909147.jpg'),
('FB_IMG_1562005849443.jpg'),
('FB_IMG_1562005857208.jpg'),
('FB_IMG_1562005920100.jpg'),
('FB_IMG_1562005924603.jpg'),
('FB_IMG_1562005929486.jpg'),
('FB_IMG_1562005932612.jpg'),
('FB_IMG_1562005935973.jpg'),
('FB_IMG_1562005940777.jpg'),
('FB_IMG_1562006106586.jpg'),
('FB_IMG_1562006116318.jpg'),
('FB_IMG_1562006127222.jpg'),
('FB_IMG_1562006129228.jpg'),
('FB_IMG_1562006953416.jpg'),
('FB_IMG_1562007183321.jpg'),
('FB_IMG_1562007188256.jpg'),
('FB_IMG_1562007280546.jpg'),
('FB_IMG_1562007288509.jpg'),
('FB_IMG_1562007479657.jpg'),
('FB_IMG_1562007483554.jpg'),
('FB_IMG_1562007485893.jpg'),
('FB_IMG_1562007488677.jpg'),
('FB_IMG_1562007491544.jpg'),
('FB_IMG_1562007495743.jpg'),
('FB_IMG_1562007500060.jpg'),
('FB_IMG_1562007541055.jpg'),
('FB_IMG_1562007704754.jpg'),
('FB_IMG_1562007707258.jpg'),
('FB_IMG_1562007710264.jpg'),
('FB_IMG_1562007712541.jpg'),
('FB_IMG_1562007714829.jpg'),
('FB_IMG_1562007717080.jpg'),
('FB_IMG_1562007719831.jpg'),
('FB_IMG_1562007722196.jpg'),
('FB_IMG_1562007726281.jpg'),
('FB_IMG_1562027063627.jpg'),
('FB_IMG_1562027066909.jpg'),
('FB_IMG_1562027069849.jpg'),
('FB_IMG_1562027072663.jpg'),
('FB_IMG_1562027075315.jpg'),
('FB_IMG_1562027077866.jpg'),
('FB_IMG_1562027080450.jpg'),
('FB_IMG_1562228349799.jpg'),
('FB_IMG_1562228352303.jpg'),
('FB_IMG_1562243425046.jpg'),
('FB_IMG_1562243429543.jpg'),
('FB_IMG_1562243432132.jpg'),
('FB_IMG_1562243434733.jpg'),
('FB_IMG_1562243437106.jpg'),
('FB_IMG_1562243439459.jpg'),
('FB_IMG_1562243445316.jpg'),
('FB_IMG_1562243448286.jpg'),
('FB_IMG_1562243452740.jpg'),
('FB_IMG_1562455651119.jpg'),
('FB_IMG_1562455669490.jpg'),
('FB_IMG_1562481359783.jpg'),
('FB_IMG_1562481679360.jpg'),
('FB_IMG_1562481690890.jpg'),
('FB_IMG_1562481694285.jpg'),
('FB_IMG_1562481697568.jpg'),
('FB_IMG_1562481699437.jpg'),
('FB_IMG_1562481703891.jpg'),
('FB_IMG_1562481707679.jpg'),
('FB_IMG_1562749461356.jpg'),
('FB_IMG_1562749463150.jpg'),
('FB_IMG_1562749464800.jpg'),
('FB_IMG_1562774256641.jpg'),
('FB_IMG_1562792912112.jpg'),
('FB_IMG_1562792913946.jpg'),
('FB_IMG_1562792916143.jpg'),
('FB_IMG_1562792918346.jpg'),
('FB_IMG_1562843299498.jpg'),
('FB_IMG_1562843301501.jpg'),
('FB_IMG_1562881691274.jpg'),
('FB_IMG_1562881695747.jpg'),
('FB_IMG_1563023890804.jpg'),
('FB_IMG_1563023893125.jpg'),
('FB_IMG_1563023896047.jpg'),
('FB_IMG_1563027041640.jpg'),
('FB_IMG_1563027043909.jpg'),
('FB_IMG_1563027046306.jpg'),
('FB_IMG_1563027051071.jpg'),
('FB_IMG_1563027099736.jpg'),
('FB_IMG_1563027180998.jpg'),
('FB_IMG_1563027187985.jpg'),
('FB_IMG_1563067416217.jpg'),
('FB_IMG_1563067494707.jpg'),
('FB_IMG_1563274133175.jpg'),
('FB_IMG_1563393633556.jpg'),
('FB_IMG_1563393636479.jpg'),
('FB_IMG_1563393639329.jpg'),
('FB_IMG_1563393641831.jpg'),
('FB_IMG_1563482684863.jpg'),
('FB_IMG_1563518350992.jpg'),
('FB_IMG_1563550169425.jpg'),
('FB_IMG_1563550175918.jpg'),
('FB_IMG_1563623236815.jpg'),
('FB_IMG_1563735674941.jpg'),
('FB_IMG_1563735677053.jpg'),
('FB_IMG_1563778116377.jpg'),
('FB_IMG_1563921311938.jpg'),
('FB_IMG_1563921315281.jpg'),
('FB_IMG_1563921317984.jpg'),
('FB_IMG_1563952995728.jpg'),
('FB_IMG_1563952999002.jpg'),
('FB_IMG_1563953003156.jpg'),
('FB_IMG_1563984690601.jpg'),
('FB_IMG_1563984923652.jpg'),
('FB_IMG_1563984926203.jpg'),
('FB_IMG_1563984928420.jpg'),
('FB_IMG_1563984930738.jpg'),
('FB_IMG_1563988450847.jpg'),
('FB_IMG_1563988452893.jpg'),
('FB_IMG_1563988455296.jpg'),
('FB_IMG_1563988457381.jpg'),
('FB_IMG_1563988459782.jpg'),
('FB_IMG_1563988462155.jpg'),
('FB_IMG_1563988465171.jpg'),
('FB_IMG_1563988479466.jpg'),
('FB_IMG_1563988481617.jpg'),
('FB_IMG_1564068379920.jpg'),
('FB_IMG_1564068384615.jpg'),
('FB_IMG_1564068387317.jpg'),
('FB_IMG_1564075595390.jpg'),
('FB_IMG_1564075598456.jpg'),
('FB_IMG_1564075600652.jpg'),
('FB_IMG_1564075605020.jpg'),
('FB_IMG_1564350535036.jpg'),
('FB_IMG_1564350537400.jpg'),
('FB_IMG_1564350539100.jpg'),
('FB_IMG_1564355125841.jpg'),
('FB_IMG_1564355130698.jpg'),
('FB_IMG_1564570139512.jpg'),
('FB_IMG_1564570141708.jpg'),
('FB_IMG_1564586601914.jpg'),
('FB_IMG_1564586604136.jpg'),
('FB_IMG_1564586605937.jpg'),
('FB_IMG_1564586608355.jpg'),
('FB_IMG_1564587178697.jpg'),
('FB_IMG_1564587537516.jpg');
INSERT INTO `image` (`nomImage`) VALUES
('FB_IMG_1564587541058.jpg'),
('FB_IMG_1564598693079.jpg'),
('FB_IMG_1564598695319.jpg'),
('FB_IMG_1564601344871.jpg'),
('FB_IMG_1564601353043.jpg'),
('FB_IMG_1564601356099.jpg'),
('FB_IMG_1564601471491.jpg'),
('FB_IMG_1564601473883.jpg'),
('FB_IMG_1564601756288.jpg'),
('FB_IMG_1564601758547.jpg'),
('FB_IMG_1564601762648.jpg'),
('FB_IMG_1564601764880.jpg'),
('FB_IMG_1564601768701.jpg'),
('FB_IMG_1564601771002.jpg'),
('FB_IMG_1564601774483.jpg'),
('FB_IMG_1564663669894.jpg'),
('FB_IMG_1564663673225.jpg'),
('FB_IMG_1564663675179.jpg'),
('FB_IMG_1564663677029.jpg'),
('FB_IMG_1564771454025.jpg'),
('FB_IMG_1564871717322.jpg'),
('FB_IMG_1564871720060.jpg'),
('FB_IMG_1564871724800.jpg'),
('FB_IMG_1564871748293.jpg'),
('FB_IMG_1564871751755.jpg'),
('FB_IMG_1564871757240.jpg'),
('FB_IMG_1564871765036.jpg'),
('FB_IMG_1564871767883.jpg'),
('FB_IMG_1564871770768.jpg'),
('FB_IMG_1564871773622.jpg'),
('FB_IMG_1564871782133.jpg'),
('FB_IMG_1564918584826.jpg'),
('FB_IMG_1564918586973.jpg'),
('FB_IMG_1564918589372.jpg'),
('FB_IMG_1564918591676.jpg'),
('FB_IMG_1564987950961.jpg'),
('FB_IMG_1564987952900.jpg'),
('FB_IMG_1564987955037.jpg'),
('FB_IMG_1564987957572.jpg'),
('FB_IMG_1565195376691.jpg'),
('FB_IMG_1565195838305.jpg'),
('FB_IMG_1565195947790.jpg'),
('FB_IMG_1565195953239.jpg'),
('FB_IMG_1565195959681.jpg'),
('FB_IMG_1565202239250.jpg'),
('FB_IMG_1565202241194.jpg'),
('FB_IMG_1565202267756.jpg'),
('FB_IMG_1565205843291.jpg'),
('FB_IMG_1565205846125.jpg'),
('FB_IMG_1565205848459.jpg'),
('FB_IMG_1565205856915.jpg'),
('FB_IMG_1565205860270.jpg'),
('FB_IMG_1565267847114.jpg'),
('FB_IMG_1565267849771.jpg'),
('FB_IMG_1565267854640.jpg'),
('FB_IMG_1565267858161.jpg'),
('FB_IMG_1565293935167.jpg'),
('FB_IMG_1565293937128.jpg'),
('FB_IMG_1565293939778.jpg'),
('FB_IMG_1565293942509.jpg'),
('FB_IMG_1565293949945.jpg'),
('FB_IMG_1565421888020.jpg'),
('FB_IMG_1565421892980.jpg'),
('FB_IMG_1565421899824.jpg'),
('FB_IMG_1565421907278.jpg'),
('FB_IMG_1565421920207.jpg'),
('FB_IMG_1565421922839.jpg'),
('FB_IMG_1565421925241.jpg'),
('FB_IMG_1565421927844.jpg'),
('FB_IMG_1565421969255.jpg'),
('FB_IMG_1565421972608.jpg'),
('FB_IMG_1565421976842.jpg'),
('FB_IMG_1565421980142.jpg'),
('FB_IMG_1565421982944.jpg'),
('FB_IMG_1565422038432.jpg'),
('FB_IMG_1565422040804.jpg'),
('FB_IMG_1565422043905.jpg'),
('FB_IMG_1565422046702.jpg'),
('FB_IMG_1565422049155.jpg'),
('FB_IMG_1565422131059.jpg'),
('FB_IMG_1565422134011.jpg'),
('FB_IMG_1565422141060.jpg'),
('FB_IMG_1565422144978.jpg'),
('FB_IMG_1565422301354.jpg'),
('FB_IMG_1565422324262.jpg'),
('FB_IMG_1565422326752.jpg'),
('FB_IMG_1565422329254.jpg'),
('FB_IMG_1565422332488.jpg'),
('FB_IMG_1565422339291.jpg'),
('FB_IMG_1565422424088.jpg'),
('FB_IMG_1565422427885.jpg'),
('FB_IMG_1565422433324.jpg'),
('FB_IMG_1565422437495.jpg'),
('FB_IMG_1565422506955.jpg'),
('FB_IMG_1565422509674.jpg'),
('FB_IMG_1565422512626.jpg'),
('FB_IMG_1565422516132.jpg'),
('FB_IMG_1565422573837.jpg'),
('FB_IMG_1565422576262.jpg'),
('FB_IMG_1565422578680.jpg'),
('FB_IMG_1565422581251.jpg'),
('FB_IMG_1565422878798.jpg'),
('FB_IMG_1565422881462.jpg'),
('FB_IMG_1565422884130.jpg'),
('FB_IMG_1565422886661.jpg'),
('FB_IMG_1565427487391.jpg'),
('FB_IMG_1565427491190.jpg'),
('FB_IMG_1565427500214.jpg'),
('FB_IMG_1565427504197.jpg'),
('FB_IMG_1565427507517.jpg'),
('FB_IMG_1565444351786.jpg'),
('FB_IMG_1565444507952.jpg'),
('FB_IMG_1565444515843.jpg'),
('FB_IMG_1565444520444.jpg'),
('FB_IMG_1565444526032.jpg'),
('FB_IMG_1565488766016.jpg'),
('FB_IMG_1565488768704.jpg'),
('FB_IMG_1565488771453.jpg'),
('FB_IMG_1565488799746.jpg'),
('FB_IMG_1565489155607.jpg'),
('FB_IMG_1565511350362.jpg'),
('FB_IMG_1565511353112.jpg'),
('FB_IMG_1565511356499.jpg'),
('FB_IMG_1565511366620.jpg'),
('FB_IMG_1565555576614.jpg'),
('FB_IMG_1565555578742.jpg'),
('FB_IMG_1565555581040.jpg'),
('FB_IMG_1565555583362.jpg'),
('FB_IMG_1565555585594.jpg'),
('FB_IMG_1565633412086.jpg'),
('FB_IMG_1565633415390.jpg'),
('FB_IMG_1565633426674.jpg'),
('FB_IMG_1565633641061.jpg'),
('FB_IMG_1565633643876.jpg'),
('FB_IMG_1565633647782.jpg'),
('FB_IMG_1565633656718.jpg'),
('FB_IMG_1565633911380.jpg'),
('FB_IMG_1565633913332.jpg'),
('FB_IMG_1565633917477.jpg'),
('FB_IMG_1565633945096.jpg'),
('FB_IMG_1565633947935.jpg'),
('FB_IMG_1565633950171.jpg'),
('FB_IMG_1565633953518.jpg'),
('FB_IMG_1565633957187.jpg'),
('FB_IMG_1565633960381.jpg'),
('FB_IMG_1565634173960.jpg'),
('FB_IMG_1565634175973.jpg'),
('FB_IMG_1565634178136.jpg'),
('FB_IMG_1565639744201.jpg'),
('FB_IMG_1565639748377.jpg'),
('FB_IMG_1565639760872.jpg'),
('FB_IMG_1565639764143.jpg'),
('FB_IMG_1565639800932.jpg'),
('FB_IMG_1565639810788.jpg'),
('FB_IMG_1565639812837.jpg'),
('FB_IMG_1565639815627.jpg'),
('FB_IMG_1565639819751.jpg'),
('FB_IMG_1565639822963.jpg'),
('FB_IMG_1565641299263.jpg'),
('FB_IMG_1565641301411.jpg'),
('FB_IMG_1565641303652.jpg'),
('FB_IMG_1565641308687.jpg'),
('FB_IMG_1565641311070.jpg'),
('FB_IMG_1565642063534.jpg'),
('FB_IMG_1565739411453.jpg'),
('FB_IMG_1565739413787.jpg'),
('FB_IMG_1565739416220.jpg'),
('FB_IMG_1565739418173.jpg'),
('FB_IMG_1565739425672.jpg'),
('FB_IMG_1565782280359.jpg'),
('FB_IMG_1565782282288.jpg'),
('FB_IMG_1565782283956.jpg'),
('FB_IMG_1565818995642.jpg'),
('FB_IMG_1565818997944.jpg'),
('FB_IMG_1565819000728.jpg'),
('FB_IMG_1565819003836.jpg'),
('FB_IMG_1565819006684.jpg'),
('FB_IMG_1565819009900.jpg'),
('FB_IMG_1565819014237.jpg'),
('FB_IMG_1565819017688.jpg'),
('FB_IMG_1565819036517.jpg'),
('FB_IMG_1565819043133.jpg'),
('FB_IMG_1565819045518.jpg'),
('FB_IMG_1565819049085.jpg'),
('FB_IMG_1565819052291.jpg'),
('FB_IMG_1565819179456.jpg'),
('FB_IMG_1565900346460.jpg'),
('FB_IMG_1565906431489.jpg'),
('FB_IMG_1565906435519.jpg'),
('FB_IMG_1565906438851.jpg'),
('FB_IMG_1565906444423.jpg'),
('FB_IMG_1565906455786.jpg'),
('FB_IMG_1565906459726.jpg'),
('FB_IMG_1565906462725.jpg'),
('FB_IMG_1565906466091.jpg'),
('FB_IMG_1565973534530.jpg'),
('FB_IMG_1565973536895.jpg'),
('FB_IMG_1565973539542.jpg'),
('FB_IMG_1565973542032.jpg'),
('FB_IMG_1565973544736.jpg'),
('FB_IMG_1565974311426.jpg'),
('FB_IMG_1565974319096.jpg'),
('FB_IMG_1565974321385.jpg'),
('FB_IMG_1565974328788.jpg'),
('FB_IMG_1565974333057.jpg'),
('FB_IMG_1566031985861.jpg'),
('FB_IMG_1566031996295.jpg'),
('FB_IMG_1566031998899.jpg'),
('FB_IMG_1566035533947.jpg'),
('FB_IMG_1566035536256.jpg'),
('FB_IMG_1566035541921.jpg'),
('FB_IMG_1566035547242.jpg'),
('FB_IMG_1566035558521.jpg'),
('FB_IMG_1566035568355.jpg'),
('FB_IMG_1566123486690.jpg'),
('FB_IMG_1566123489396.jpg'),
('FB_IMG_1566156687000.jpg'),
('FB_IMG_1566156689214.jpg'),
('FB_IMG_1566156691436.jpg'),
('FB_IMG_1566156696401.jpg'),
('FB_IMG_1566166639938.jpg'),
('FB_IMG_1566166642168.jpg'),
('FB_IMG_1566166647469.jpg'),
('FB_IMG_1566166651525.jpg'),
('FB_IMG_1566166656038.jpg'),
('FB_IMG_1566166666487.jpg'),
('FB_IMG_1566166676045.jpg'),
('FB_IMG_1566166681086.jpg'),
('FB_IMG_1566166709901.jpg'),
('FB_IMG_1566166883938.jpg'),
('FB_IMG_1566166885925.jpg'),
('FB_IMG_1566166888487.jpg'),
('FB_IMG_1566166898310.jpg'),
('FB_IMG_1566167024849.jpg'),
('FB_IMG_1566167027021.jpg'),
('FB_IMG_1566167029209.jpg'),
('FB_IMG_1566167031542.jpg'),
('FB_IMG_1566167033721.jpg'),
('FB_IMG_1566167036500.jpg'),
('FB_IMG_1566167040230.jpg'),
('FB_IMG_1566167212310.jpg'),
('FB_IMG_1566167214867.jpg'),
('FB_IMG_1566167217468.jpg'),
('FB_IMG_1566167220885.jpg'),
('FB_IMG_1566167224424.jpg'),
('FB_IMG_1566167230310.jpg'),
('FB_IMG_1566167242455.jpg'),
('FB_IMG_1566420398972.jpg'),
('FB_IMG_1566420401037.jpg'),
('FB_IMG_1566420403132.jpg'),
('FB_IMG_1566420405085.jpg'),
('FB_IMG_1566420407247.jpg'),
('FB_IMG_1566420409900.jpg'),
('FB_IMG_1566420412025.jpg'),
('FB_IMG_1566420414468.jpg'),
('FB_IMG_1566420607643.jpg'),
('FB_IMG_1566420610256.jpg'),
('FB_IMG_1566420612832.jpg'),
('FB_IMG_1566420615187.jpg'),
('FB_IMG_1566420629327.jpg'),
('FB_IMG_1566420631494.jpg'),
('FB_IMG_1566421045827.jpg'),
('FB_IMG_1566421048165.jpg'),
('FB_IMG_1566421541149.jpg'),
('FB_IMG_1566421543213.jpg'),
('FB_IMG_1566421545251.jpg'),
('FB_IMG_1566421547499.jpg'),
('FB_IMG_1566421550053.jpg'),
('FB_IMG_1566421552171.jpg'),
('FB_IMG_1566421555736.jpg'),
('Illustrious-Ishtar-Cosplay-11-468x702.jpg'),
('Illustrious-Ishtar-Cosplay-2-468x702.jpg'),
('Illustrious-Ishtar-Cosplay-4-468x702.jpg'),
('j.png');

-- --------------------------------------------------------

--
-- Structure de la table `lie`
--

DROP TABLE IF EXISTS `lie`;
CREATE TABLE IF NOT EXISTS `lie` (
  `nomImage` varchar(255) NOT NULL,
  `IdGuild` varchar(255) NOT NULL,
  PRIMARY KEY (`nomImage`,`IdGuild`),
  KEY `lie_Guild0_FK` (`IdGuild`)
) ENGINE=InnoDB DEFAULT CHARSET=latin1;

--
-- Déchargement des données de la table `lie`
--

INSERT INTO `lie` (`nomImage`, `IdGuild`) VALUES
('005JVMmmgy1g6pxzws3oij32c03407wi.jpg', '391747065392136204'),
('14470665_1072675069494448_6917293621917313069_n.jpg', '391747065392136204'),
('20638151_1339794736138270_364265785832728485_n.png', '391747065392136204'),
('40053789_293694628080062_603058969371475968_n.jpg', '391747065392136204'),
('40449674_1900710363558072_3721254721470595072_n.jpg', '391747065392136204'),
('40609404_1100985670052078_4874468185069322240_n.jpg', '391747065392136204'),
('41884476_1112017582282220_562595554194882560_n.jpg', '391747065392136204'),
('42431157_1116263068524338_7588993451509678080_n.jpg', '391747065392136204'),
('42513296_484675808699925_8362982455585538048_n.jpg', '391747065392136204'),
('44387803_2155770351123805_393542626357280768_o.jpg', '391747065392136204'),
('46194840_337200970396094_498704892009906176_n.jpg', '391747065392136204'),
('46728659_2770424406317015_4167749106267062272_o.jpg', '391747065392136204'),
('47199971_2784224328270356_6192057898286186496_o.jpg', '391747065392136204'),
('47476922_2789473624412093_4343812932560224256_o.jpg', '391747065392136204'),
('49759026_564546024061755_7939113348619042816_n.jpg', '391747065392136204'),
('50395165_1807213406055371_1553132183655284736_o.jpg', '391747065392136204'),
('50667361_462576944274320_4028673203319603200_n.jpg', '391747065392136204'),
('50754099_2262801833965150_7651310068310212608_n.jpg', '391747065392136204'),
('51337446_2899680206724767_93086771826393088_o.jpg', '391747065392136204'),
('52125681_627269434409883_8559051878766215168_n.png', '391747065392136204'),
('52596176_2974938055865648_1639616190588387328_o.jpg', '391747065392136204'),
('52846852_2981943975165056_1071111659042373632_o.jpg', '391747065392136204'),
('53315474_2024629184301944_8284071854679785472_n.jpg', '391747065392136204'),
('533279_511619218901197_985757905_n.jpg', '391747065392136204'),
('53347555_2989806737712113_1639865431835541504_o.jpg', '391747065392136204'),
('54256686_3021080821251371_4380832664433721344_o.jpg', '391747065392136204'),
('54463224_3033087006717419_5119424781438943232_o.jpg', '391747065392136204'),
('54799276_3040794222613364_8602573156038737920_o.jpg', '391747065392136204'),
('56500761_2224416540937351_2623011792674095104_n.jpg', '391747065392136204'),
('56631989_1905800926196618_7942993555218235392_o.jpg', '391747065392136204'),
('56819116_312634749430475_5721151924401602560_n.jpg', '391747065392136204'),
('57104121_1227471644096350_8829794329204621312_n.jpg', '391747065392136204'),
('57187648_171921877038749_2123130277193580544_n.jpg', '391747065392136204'),
('005JVMmmgy1g6pxzws3oij32c03407wi.jpg', '631786237753032715'),
('14470665_1072675069494448_6917293621917313069_n.jpg', '631786237753032715'),
('20638151_1339794736138270_364265785832728485_n.png', '631786237753032715'),
('40053789_293694628080062_603058969371475968_n.jpg', '631786237753032715'),
('40449674_1900710363558072_3721254721470595072_n.jpg', '631786237753032715'),
('40609404_1100985670052078_4874468185069322240_n.jpg', '631786237753032715'),
('46194840_337200970396094_498704892009906176_n.jpg', '631786237753032715'),
('52846852_2981943975165056_1071111659042373632_o.jpg', '631786237753032715');

-- --------------------------------------------------------

--
-- Structure de la table `requeteuser`
--

DROP TABLE IF EXISTS `requeteuser`;
CREATE TABLE IF NOT EXISTS `requeteuser` (
  `dateRequete` varchar(255) NOT NULL,
  `TypeRequete` varchar(255) NOT NULL,
  `idUser` varchar(50) NOT NULL,
  PRIMARY KEY (`TypeRequete`,`idUser`),
  KEY `RequeteUser_User_FK` (`idUser`)
) ENGINE=InnoDB DEFAULT CHARSET=latin1;

--
-- Déchargement des données de la table `requeteuser`
--

INSERT INTO `requeteuser` (`dateRequete`, `TypeRequete`, `idUser`) VALUES
('1571675721787', '!ask_lamas', '167251064024727552'),
('1571472309079', '!ask_lamas', '174915295767429120'),
('1571614220086', '!ask_lamas', '177876925757390855'),
('1571580310548', '!ask_lamas', '188733789202022401'),
('1571657917662', '!ask_lamas', '195601829973852160'),
('1571522351877', '!ask_lamas', '201078052086611968'),
('1571685211405', '!ask_lamas', '252208361054011393'),
('1571657080571', '!ask_lamas', '292585648593043466'),
('1571440879720', '!ask_lamas', '320502749756129280'),
('1571676107239', '!ask_lamas', '331473028821155840'),
('1571682491314', '!ask_lamas', '611658274445721618');

-- --------------------------------------------------------

--
-- Structure de la table `user`
--

DROP TABLE IF EXISTS `user`;
CREATE TABLE IF NOT EXISTS `user` (
  `idUser` varchar(50) NOT NULL,
  PRIMARY KEY (`idUser`)
) ENGINE=InnoDB DEFAULT CHARSET=latin1;

--
-- Déchargement des données de la table `user`
--

INSERT INTO `user` (`idUser`) VALUES
('167251064024727552'),
('174915295767429120'),
('177876925757390855'),
('188733789202022401'),
('195601829973852160'),
('201078052086611968'),
('252208361054011393'),
('292585648593043466'),
('320502749756129280'),
('331473028821155840'),
('611658274445721618');

-- --------------------------------------------------------

--
-- Structure de la table `userguild`
--

DROP TABLE IF EXISTS `userguild`;
CREATE TABLE IF NOT EXISTS `userguild` (
  `idUser` varchar(50) NOT NULL,
  `IdGuild` varchar(255) NOT NULL,
  PRIMARY KEY (`idUser`,`IdGuild`),
  KEY `ClientUser_Guild0_FK` (`IdGuild`)
) ENGINE=InnoDB DEFAULT CHARSET=latin1;

--
-- Déchargement des données de la table `userguild`
--

INSERT INTO `userguild` (`idUser`, `IdGuild`) VALUES
('252208361054011393', '631786237753032715');

--
-- Contraintes pour les tables déchargées
--

--
-- Contraintes pour la table `chanel`
--
ALTER TABLE `chanel`
  ADD CONSTRAINT `Chanel_Guild_FK` FOREIGN KEY (`IdGuild`) REFERENCES `guild` (`IdGuild`);

--
-- Contraintes pour la table `lie`
--
ALTER TABLE `lie`
  ADD CONSTRAINT `lie_Guild0_FK` FOREIGN KEY (`IdGuild`) REFERENCES `guild` (`IdGuild`),
  ADD CONSTRAINT `lie_Image_FK` FOREIGN KEY (`nomImage`) REFERENCES `image` (`nomImage`);

--
-- Contraintes pour la table `requeteuser`
--
ALTER TABLE `requeteuser`
  ADD CONSTRAINT `RequeteUser_User_FK` FOREIGN KEY (`idUser`) REFERENCES `user` (`idUser`);

--
-- Contraintes pour la table `userguild`
--
ALTER TABLE `userguild`
  ADD CONSTRAINT `ClientUser_Guild0_FK` FOREIGN KEY (`IdGuild`) REFERENCES `guild` (`IdGuild`),
  ADD CONSTRAINT `ClientUser_User_FK` FOREIGN KEY (`idUser`) REFERENCES `user` (`idUser`);
COMMIT;

/*!40101 SET CHARACTER_SET_CLIENT=@OLD_CHARACTER_SET_CLIENT */;
/*!40101 SET CHARACTER_SET_RESULTS=@OLD_CHARACTER_SET_RESULTS */;
/*!40101 SET COLLATION_CONNECTION=@OLD_COLLATION_CONNECTION */;
